,City,Cloudiness,Country,Date,Humidity,Lat,Lng,Max Temp,Wind Speed
0,Boyuibe,0,BO,1586629014,25,-20.42,-63.28,27.54,3.02
1,Tilichiki,3,RU,1586628782,89,60.47,166.1,-17.49,2.87
2,Punta Arenas,40,CL,1586628830,66,-53.15,-70.92,9.0,8.7
3,Barra da Estiva,78,BR,1586629017,60,-13.63,-41.33,24.86,1.65
4,Deputatsky,93,RU,1586628728,92,69.3,139.9,-5.55,6.55
5,Vardø,98,NO,1586629018,89,70.37,31.11,-1.8,4.67
6,Poum,37,NC,1586629019,72,-20.23,164.02,25.45,4.61
7,Upernavik,100,GL,1586628759,90,72.79,-56.15,-5.71,0.63
8,Thompson,90,CA,1586629020,68,55.74,-97.86,-4.0,3.1
9,Beatrice,1,US,1586629020,45,40.27,-96.75,21.11,4.6
10,Bredasdorp,100,ZA,1586629021,82,-34.53,20.04,21.11,1.5
11,Mataura,100,NZ,1586629022,74,-46.19,168.86,12.22,1.79
12,Kavieng,97,PG,1586629023,74,-2.57,150.8,28.29,2.09
13,Zabul Province,95,AF,1586629023,33,32.25,67.25,15.15,2.79
14,Bluff,100,NZ,1586629024,74,-46.6,168.33,12.22,1.79
15,Mar del Plata,75,AR,1586628939,56,-38.0,-57.56,22.78,6.2
16,Kita,54,ML,1586629025,22,13.03,-9.49,36.1,4.27
17,Ribeira Grande,20,PT,1586629026,77,38.52,-28.7,18.0,2.1
18,Nelson Bay,1,AU,1586629027,50,-32.72,152.15,13.89,4.6
19,Hithadhoo,49,MV,1586629028,65,-0.6,73.08,29.48,2.99
20,Salalah,75,OM,1586628891,78,17.02,54.09,28.0,4.1
21,Iqaluit,90,CA,1586629029,79,63.75,-68.51,-5.0,1.12
22,Arraial do Cabo,75,BR,1586629006,83,-22.97,-42.03,24.0,6.2
23,Kahului,1,US,1586629030,69,20.89,-156.47,25.0,6.2
24,Karaton,40,ID,1586629031,78,-6.34,106.1,27.0,2.1
25,Busselton,100,AU,1586629032,53,-33.65,115.33,20.56,2.74
26,Ostrovnoy,73,RU,1586628789,94,68.05,39.51,-8.63,4.92
27,Placerville,90,US,1586628788,76,38.73,-120.8,16.11,2.1
28,George Town,20,MY,1586629034,88,5.41,100.34,29.0,2.1
29,Lompoc,40,US,1586628866,72,34.64,-120.46,20.0,3.6
30,Mersing,62,MY,1586629035,83,2.43,103.84,28.0,1.5
31,Avarua,65,CK,1586629036,100,-21.21,-159.78,26.0,1.5
32,Albany,75,US,1586628965,36,42.6,-73.97,9.44,8.2
33,Cherskiy,100,RU,1586628762,96,68.75,161.3,-11.27,5.16
34,Sakaraha,54,MG,1586629038,53,-22.9,44.53,23.9,0.65
35,Lebu,0,CL,1586629038,56,-37.62,-73.65,15.39,7.26
36,Qaanaaq,77,GL,1586629039,78,77.48,-69.36,-10.07,1.49
37,Tena,90,EC,1586629040,94,-0.98,-77.82,23.0,1.5
38,Sambava,3,MG,1586629040,83,-14.27,50.17,24.85,4.08
39,Rikitea,94,PF,1586629041,74,-23.12,-134.97,24.85,1.71
40,Bethel,40,US,1586628903,33,41.37,-73.41,11.67,6.2
41,Boffa,10,GN,1586628798,67,10.17,-14.03,29.49,5.86
42,Pevek,98,RU,1586629043,93,69.7,170.31,-14.73,6.26
43,Chokurdakh,100,RU,1586629044,97,70.63,147.92,-2.69,6.42
44,Puerto Ayora,75,EC,1586629043,70,-0.74,-90.35,30.0,5.1
45,Esperance,81,AU,1586629045,68,-33.87,121.9,20.0,7.7
46,Sirte,62,LY,1586628944,48,31.21,16.59,16.84,5.93
47,Sur,30,OM,1586629046,65,22.57,59.53,27.23,5.55
48,New Norfolk,90,AU,1586629047,62,-42.78,147.06,11.11,4.1
49,Tuktoyaktuk,75,CA,1586628752,76,69.45,-133.04,-21.0,2.1
50,Te Anau,91,NZ,1586629048,69,-45.42,167.72,11.32,1.87
51,Guangyuan,4,CN,1586629049,80,32.44,105.82,3.89,0.6
52,Saskylakh,87,RU,1586629029,90,71.92,114.08,-15.13,7.92
53,Karlskoga,100,SE,1586629051,52,59.33,14.52,8.89,6.2
54,Torbay,75,CA,1586629051,65,47.67,-52.73,7.78,11.3
55,Kyabé,96,TD,1586629052,43,9.45,18.94,30.54,5.34
56,Norman Wells,75,CA,1586629053,85,65.28,-126.83,-4.0,3.6
57,Bengkulu,37,ID,1586629053,79,-3.8,102.27,26.26,1.22
58,Hobart,90,AU,1586628786,62,-42.88,147.33,11.11,4.1
59,Forsytheganj,10,BY,1586629055,66,52.63,29.73,3.38,3.13
60,Castro,63,BR,1586628986,42,-24.79,-50.01,21.81,1.42
61,Ozernovskiy,1,RU,1586629056,93,51.5,156.52,-2.15,3.58
62,Udachny,90,RU,1586629052,63,66.42,112.4,-2.0,3.0
63,Olinda,20,BR,1586629057,62,-8.01,-34.86,31.0,4.6
64,Urengoy,100,RU,1586629058,98,65.97,78.37,2.19,9.06
65,Yellowknife,20,CA,1586629059,56,62.46,-114.35,-10.0,6.2
66,Adrar,0,MR,1586629059,9,20.5,-10.07,35.57,2.93
67,Dikson,100,RU,1586629060,92,73.51,80.55,-10.26,2.62
68,Port Alfred,100,ZA,1586629003,91,-33.59,26.89,20.0,2.24
69,Olafsvik,37,IS,1586629061,77,64.89,-23.71,3.26,13.7
70,Kiama,7,AU,1586629062,50,-34.68,150.87,12.78,6.7
71,Bat Yam,20,IL,1586629063,77,32.02,34.75,16.0,1.0
72,Tegul'det,4,RU,1586629063,92,57.31,88.17,-0.45,1.45
73,Morón,0,AR,1586629064,49,-34.65,-58.62,25.0,4.6
74,Cape Town,75,ZA,1586628641,93,-33.93,18.42,18.33,6.7
75,Horn Lake,20,US,1586629065,30,34.96,-90.03,20.56,3.6
76,Nikolskoye,75,RU,1586629066,80,59.7,30.79,2.0,3.0
77,North Branford,40,US,1586628904,37,41.33,-72.77,11.11,6.7
78,Butaritari,78,KI,1586629067,76,3.07,172.79,28.76,5.71
79,Ketchikan,1,US,1586628776,41,55.34,-131.65,6.0,2.6
80,San Juan,69,AR,1586629011,28,-31.54,-68.54,25.9,3.72
81,Souillac,40,MU,1586629069,83,-20.52,57.52,25.0,4.6
82,Westlock,40,CA,1586629070,58,54.15,-113.87,-4.0,8.2
83,Edson,1,CA,1586629071,38,53.58,-116.44,-5.0,5.7
84,Hilo,1,US,1586628844,73,19.73,-155.09,23.89,1.5
85,Yatou,5,CN,1586629072,59,37.15,122.38,7.04,4.14
86,Bambous Virieux,40,MU,1586628990,83,-20.34,57.76,25.0,4.6
87,Vaini,20,TO,1586629073,93,-21.2,-175.2,18.0,1.0
88,Orapa,5,BW,1586629074,36,-21.28,25.37,23.74,1.21
89,Provideniya,99,RU,1586629075,97,64.38,-173.3,-2.7,1.47
90,Tiksi,28,RU,1586629075,94,71.69,128.87,-8.05,7.79
91,Guerrero Negro,67,MX,1586629076,50,27.98,-114.06,18.84,5.56
92,Ilulissat,75,GL,1586629077,69,69.22,-51.1,1.0,4.6
93,Ixtapa,75,MX,1586628918,57,20.7,-105.2,27.0,4.6
94,Camargo,63,MX,1586629078,12,27.67,-105.17,23.99,2.47
95,Atuona,97,PF,1586628907,72,-9.8,-139.03,27.93,3.57
96,Hasaki,75,JP,1586629058,100,35.73,140.83,8.0,2.6
97,Naze,75,JP,1586629080,88,28.37,129.48,19.0,6.2
98,Mount Isa,25,AU,1586629081,21,-20.73,139.5,22.0,4.1
99,Jamestown,1,US,1586628874,47,42.1,-79.24,7.78,5.1
100,Westport,40,US,1586629082,27,41.14,-73.36,12.22,6.2
101,Vágur,99,FO,1586629083,85,61.47,-6.81,7.49,12.64
102,Ogaminana,99,NG,1586629084,48,7.59,6.22,28.14,3.23
103,Tautira,100,PF,1586629084,70,-17.73,-149.15,29.0,2.1
104,Sept-Îles,75,CA,1586628885,38,50.2,-66.38,5.0,7.7
105,Saint-Philippe,57,RE,1586629035,78,-21.36,55.77,25.0,2.6
106,Longyearbyen,20,SJ,1586629086,64,78.22,15.64,-18.0,2.29
107,Semīrom,67,IR,1586629087,40,31.42,51.57,6.83,4.84
108,Cobija,90,BO,1586629088,38,-11.03,-68.77,33.39,0.85
109,Nuristan,97,AF,1586629088,25,35.3,70.83,-0.87,1.88
110,Idah,96,NG,1586629089,60,7.11,6.73,27.56,2.45
111,Hermanus,100,ZA,1586629090,76,-34.42,19.23,21.11,1.34
112,Hamilton,90,US,1586629059,30,39.18,-84.53,16.67,4.1
113,Yangi Marg`ilon,90,UZ,1586629091,82,40.43,71.72,13.0,2.1
114,Narsaq,75,GL,1586628802,20,60.92,-46.05,13.0,11.8
115,Kapaa,90,US,1586629092,73,22.08,-159.32,23.0,4.1
116,Labuhan,89,ID,1586629049,82,-6.88,112.21,25.74,1.13
117,Oranjestad,40,AW,1586628927,66,12.52,-70.03,31.0,9.8
118,Joshīmath,3,IN,1586629094,17,30.57,79.57,10.07,3.33
119,Saldanha,85,ZA,1586629095,82,-33.01,17.94,19.0,2.1
120,Barra do Garças,75,BR,1586629071,62,-15.89,-52.26,32.0,1.0
121,El Alto,97,PE,1586629096,100,-4.27,-81.21,17.0,3.6
122,Zhengjiatun,0,CN,1586629097,54,43.51,123.51,5.99,2.27
123,Maroua,99,CM,1586629098,15,10.59,14.32,30.69,2.25
124,Geraldton,29,AU,1586629099,94,-28.77,114.6,21.11,1.5
125,Pangody,100,RU,1586629099,97,65.85,74.49,2.27,7.86
126,Port Elizabeth,100,ZA,1586629046,72,-33.92,25.57,15.0,1.5
127,Ushuaia,75,AR,1586629015,77,-54.8,-68.3,8.0,10.8
128,New Richmond,1,US,1586629101,22,45.12,-92.54,14.44,1.5
129,Leh,17,IN,1586629102,17,34.17,77.58,1.85,0.51
130,Kieta,84,PG,1586629102,79,-6.22,155.63,26.5,1.63
131,Barrow,90,US,1586628898,83,71.29,-156.79,-22.0,4.6
132,Baykit,78,RU,1586628819,94,61.67,96.37,-3.38,1.46
133,Smidovich,46,RU,1586629104,69,48.6,133.82,2.38,2.71
134,Faya,14,SA,1586629105,82,18.39,42.45,18.0,3.1
135,Panabá,12,MX,1586629106,21,21.28,-88.27,38.42,5.19
136,Dwārka,39,IN,1586628826,72,22.24,68.97,26.96,4.57
137,Puerto Peñasco,90,MX,1586629107,63,31.32,-113.53,17.22,4.1
138,Ribeira Brava,75,PT,1586629108,68,32.65,-17.07,18.0,4.6
139,Mīnāb,100,IR,1586629109,78,27.15,57.08,27.0,2.1
140,Arrianá,20,GR,1586629109,76,41.08,25.7,16.67,1.5
141,Tual,17,ID,1586629053,72,-5.67,132.75,28.55,1.53
142,Mirny,20,RU,1586629111,95,62.54,113.96,0.0,8.0
143,Qaqortoq,75,GL,1586629111,20,60.72,-46.03,13.0,11.8
144,Keetmanshoop,0,NA,1586629112,12,-26.58,18.13,31.0,5.7
145,Porto de Moz,97,BR,1586629113,75,-1.75,-52.24,28.42,0.41
146,Pacific Grove,90,US,1586629021,76,36.62,-121.92,14.44,2.6
147,Nanortalik,95,GL,1586629114,69,60.14,-45.24,4.06,12.3
148,Gouyave,20,GD,1586629115,62,12.16,-61.73,30.0,7.7
149,Telimele,39,GN,1586629115,36,10.92,-13.33,32.34,2.02
150,Pak Phanang,31,TH,1586629116,75,8.35,100.2,26.8,1.86
151,Darhan,6,MN,1586629047,33,49.49,105.92,9.15,2.94
152,Mahébourg,40,MU,1586629117,83,-20.41,57.7,25.0,4.6
153,Lavrentiya,99,RU,1586629034,98,65.58,-171.0,-2.31,4.7
154,Gijang,90,KR,1586629119,87,35.24,129.21,9.0,3.6
155,Kiryat Gat,20,IL,1586629119,77,31.61,34.76,16.0,1.0
156,Half Moon Bay,90,US,1586629120,81,37.46,-122.43,15.0,2.1
157,Oodweyne,12,SO,1586629121,28,9.41,45.06,28.63,4.11
158,Hong Kong,40,HK,1586629119,88,22.29,114.16,20.0,3.1
159,Fort-Shevchenko,0,KZ,1586629122,65,44.51,50.26,8.79,4.07
160,Airai,49,TL,1586629123,72,-8.93,125.41,16.09,0.66
161,Obigarm,100,TJ,1586629123,47,38.72,69.71,11.14,2.66
162,San Patricio,40,MX,1586629124,74,19.22,-104.7,30.0,5.1
163,Cam Ranh,20,VN,1586629125,78,11.92,109.16,28.0,0.5
164,Vanimo,66,PG,1586629125,84,-2.67,141.3,26.42,0.72
165,Saint Paul Harbor,90,US,1586629126,77,57.79,-152.41,4.0,7.2
166,Boyolangu,46,ID,1586628868,80,-8.12,111.89,24.83,0.39
167,Feijó,77,BR,1586629127,63,-8.16,-70.35,29.67,0.18
168,Nieuw Amsterdam,40,SR,1586629128,55,5.88,-55.08,32.22,5.1
169,Clyde River,75,CA,1586629129,84,70.47,-68.59,-14.0,7.7
170,Lagoa,0,PT,1586629040,70,39.05,-27.98,16.56,4.76
171,Beringovskiy,94,RU,1586629130,93,63.05,179.32,-13.82,4.92
172,Bushenyi,97,UG,1586629131,60,-0.59,30.21,18.21,1.89
173,Mildura,0,AU,1586629131,65,-34.2,142.15,8.0,2.6
174,Château-Thierry,61,FR,1586629132,40,49.05,3.4,24.44,3.1
175,Shitanjing,0,CN,1586629133,13,39.23,106.34,6.11,1.79
176,Rome,90,US,1586628965,52,43.21,-75.46,7.22,8.7
177,Manali,20,IN,1586629134,79,13.17,80.27,29.44,1.5
178,Paraná,0,AR,1586629135,33,-31.73,-60.52,27.78,1.79
179,Sitka,1,US,1586629135,48,57.05,-135.33,4.0,1.5
180,Lata,75,PT,1586629136,77,40.16,-8.33,16.67,4.1
181,Wajir,55,KE,1586629137,40,1.75,40.06,32.56,6.39
182,Itaqui,0,BR,1586629137,38,-29.13,-56.55,25.34,4.1
183,Tabuk,5,PH,1586629138,83,17.42,121.44,22.54,0.55
184,Boueni,20,YT,1586629139,78,-12.9,45.08,28.0,2.6
185,Alekseyevsk,93,RU,1586629139,93,57.84,108.35,-1.15,1.2
186,San Luis,65,AR,1586629140,31,-33.3,-66.34,23.43,4.51
187,Nabire,87,ID,1586629141,89,-3.37,135.48,25.0,0.94
188,Sisimiut,100,GL,1586629141,81,66.94,-53.67,2.11,2.37
189,Neya,100,RU,1586629142,92,58.3,43.87,-0.45,3.31
190,Atasū,93,KZ,1586629143,51,48.68,71.64,5.86,4.68
191,Poli,75,TZ,1586629143,88,-3.33,36.8,23.0,5.7
192,Fairbanks,1,US,1586628941,79,64.84,-147.72,0.0,1.65
193,Kudahuvadhoo,5,MV,1586629145,63,2.67,72.89,29.59,1.54
194,Cockburn Town,40,TC,1586629146,74,21.46,-71.14,28.0,2.6
195,Tuatapere,89,NZ,1586629146,74,-46.13,167.68,12.22,1.79
196,Sokolo,54,ML,1586629147,17,14.73,-6.12,38.01,4.15
197,Dunedin,78,NZ,1586629148,89,-45.87,170.5,10.56,1.58
198,Alugan,40,PH,1586629148,79,12.22,125.48,25.26,1.1
199,Podgornoye,75,RU,1586629051,55,51.73,39.15,2.0,4.0
200,Beyneu,44,KZ,1586629150,45,45.32,55.2,12.37,2.35
201,Belém,75,BR,1586629150,83,-1.46,-48.5,28.0,3.6
202,Manta,75,EC,1586628908,66,-0.95,-80.73,29.0,2.1
203,Harrison,1,US,1586629152,49,30.41,-89.04,23.0,6.7
204,Nerchinskiy Zavod,0,RU,1586629152,47,51.31,119.61,4.18,0.8
205,Talnakh,75,RU,1586629153,97,69.49,88.4,0.0,16.0
206,Cayenne,75,GF,1586629066,58,4.93,-52.33,31.0,5.7
207,Laas,42,IT,1586629155,37,46.62,10.7,22.0,1.0
208,Cairns,90,AU,1586629037,94,-16.92,145.77,24.0,1.64
209,Khatanga,64,RU,1586629156,92,71.97,102.5,-17.49,4.63
210,Mahibadhoo,17,MV,1586628973,66,3.78,72.97,29.3,0.76
211,Evensk,99,RU,1586629157,88,61.95,159.23,-15.5,2.09
212,Moindou,35,NC,1586629158,93,-21.69,165.68,18.0,2.1
213,Tooele,40,US,1586629159,24,40.53,-112.3,17.0,2.6
214,Udayagiri,3,IN,1586629159,35,20.13,84.38,24.06,1.01
215,São João da Barra,90,BR,1586629160,73,-21.64,-41.05,25.0,5.7
216,Sahuaripa,0,MX,1586629161,16,29.05,-109.23,23.21,4.87
217,Ipixuna,75,BR,1586629161,83,-1.76,-48.8,28.0,3.6
218,Mareeba,90,AU,1586628970,94,-17.0,145.43,24.0,0.69
219,Jiangyou,62,CN,1586629163,45,31.77,104.72,13.88,0.56
220,Yar-Sale,70,RU,1586629163,95,66.83,70.83,-6.78,5.13
221,Kingman,1,US,1586629164,41,35.19,-114.05,19.0,3.1
222,Faanui,100,PF,1586629165,73,-16.48,-151.75,28.3,4.2
223,Horodkivka,22,UA,1586629165,56,49.91,28.98,5.72,3.99
224,Ponta do Sol,75,PT,1586629166,68,32.67,-17.1,18.0,4.6
225,Trelew,4,AR,1586628984,25,-43.25,-65.31,18.39,8.02
226,Dawlatabad,100,AF,1586629167,43,36.41,64.91,21.69,2.93
227,Itarema,100,BR,1586629168,75,-2.92,-39.92,29.14,3.79
228,Tres Arroyos,45,AR,1586629169,35,-38.37,-60.28,23.49,7.01
229,Kosonsoy,90,UZ,1586629169,82,41.26,71.55,13.0,2.1
230,Christchurch,89,NZ,1586629170,100,-43.53,172.63,15.0,3.1
231,Penzance,76,GB,1586629171,63,50.12,-5.54,18.0,1.0
232,Carnarvon,40,AU,1586629172,100,-24.87,113.63,25.0,6.7
233,Zhangjiakou,0,CN,1586629172,35,40.81,114.88,6.42,3.55
234,Qiyang,53,CN,1586629173,84,26.59,111.85,9.33,1.35
235,Houma,1,US,1586629147,56,29.6,-90.72,25.0,6.7
236,Namatanai,84,PG,1586629174,75,-3.67,152.43,27.63,1.87
237,Mana,98,GF,1586629048,63,5.66,-53.78,28.74,4.37
238,Amudat,87,UG,1586629176,28,1.95,34.95,26.22,5.84
239,Anloga,20,GH,1586628966,74,5.79,0.9,30.0,5.1
240,La Asuncion,95,VE,1586629177,55,11.03,-63.86,29.83,7.24
241,Caravelas,45,BR,1586629178,78,-17.71,-39.25,27.7,5.51
242,Inírida,85,CO,1586629178,59,3.87,-67.92,31.6,1.82
243,Benalla,4,AU,1586629156,93,-36.55,145.98,11.67,4.6
244,Maţāy,0,EG,1586629052,25,28.42,30.78,20.18,2.81
245,Apozol,46,MX,1586629180,8,21.48,-103.1,31.41,7.85
246,Chunskiy,1,RU,1586629181,94,56.08,99.63,-1.89,0.79
247,Ratnagiri,43,IN,1586629182,76,16.98,73.3,26.66,2.34
248,Russell,1,US,1586629182,28,32.35,-85.2,22.78,2.1
249,East London,100,ZA,1586629101,74,-33.02,27.91,23.36,5.76
250,Tuma,100,RU,1586629184,87,55.15,40.55,2.22,3.58
251,Iranshahr,100,IR,1586629184,23,27.2,60.68,31.0,2.1
252,Verkhniy Ufaley,75,RU,1586629185,79,56.06,60.23,1.75,1.79
253,Nyaunglebin,45,MM,1586629033,52,17.95,96.73,23.92,1.3
254,Gainesville,1,US,1586628958,36,29.65,-82.32,28.33,4.1
255,Kargasok,56,RU,1586629187,93,59.06,80.86,0.5,3.11
256,Camacha,40,PT,1586629188,77,33.08,-16.33,18.0,7.7
257,Durusu,40,TR,1586629188,93,41.31,28.68,10.56,6.2
258,Pittsburg,90,US,1586628913,71,38.03,-121.88,15.56,3.6
259,Skjervøy,97,NO,1586629190,81,70.03,20.97,1.28,4.33
260,Suşehri,13,TR,1586629190,45,40.16,38.09,4.03,2.79
261,Laurel,1,US,1586628905,30,39.1,-76.85,15.56,8.2
262,Plouzané,3,FR,1586629192,49,48.38,-4.62,21.0,3.1
263,Henties Bay,0,NA,1586629192,58,-22.12,14.28,22.58,4.62
264,Benin,32,BJ,1586629193,28,9.5,2.25,32.84,1.91
265,Panubigan,15,PH,1586629194,69,7.43,123.35,26.43,1.68
266,Estelle,1,US,1586629194,56,29.85,-90.11,25.56,6.2
267,Najrān,40,SA,1586629195,23,17.49,44.13,30.0,5.1
268,Wanlaweyn,54,SO,1586629196,61,2.62,44.89,29.11,6.64
269,Natal,20,BR,1586629013,66,-5.79,-35.21,31.0,5.7
270,Chui,24,UY,1586629197,55,-33.7,-53.46,21.37,2.85
271,Assiut,0,EG,1586629198,36,27.18,31.18,24.0,4.1
272,Tasiilaq,40,GL,1586629199,90,65.61,-37.64,0.0,6.7
273,Klaksvík,100,FO,1586629199,93,62.23,-6.59,7.0,2.6
274,Laguna,90,US,1586629200,77,38.42,-121.42,17.22,3.6
275,Tiznit Province,100,MA,1586629201,60,29.58,-9.5,17.01,3.47
276,Uddevalla,100,SE,1586629201,93,58.35,11.94,5.56,6.7
277,Sistranda,75,NO,1586629202,65,63.73,8.83,7.0,2.1
278,Carutapera,83,BR,1586629203,82,-1.2,-46.02,27.93,3.94
279,Katsuura,75,JP,1586629203,93,35.13,140.3,10.0,5.1
280,Muravlenko,100,RU,1586629204,94,63.79,74.52,1.97,7.24
281,Kaitangata,87,NZ,1586629205,85,-46.28,169.85,10.56,0.45
282,Roald,100,NO,1586629037,87,62.58,6.13,8.33,3.6
283,Lorengau,55,PG,1586629206,75,-2.02,147.27,27.62,1.24
284,Lázaro Cárdenas,11,MX,1586629047,53,17.96,-102.2,29.82,3.73
285,Aswān,0,EG,1586629208,19,24.09,32.91,24.0,7.2
286,Comodoro Rivadavia,20,AR,1586629061,33,-45.87,-67.5,17.0,5.7
287,Katangli,61,RU,1586629065,94,51.71,143.23,-2.04,5.9
288,Yantongshan,0,CN,1586629210,60,43.29,126.01,3.8,2.75
289,Wanning,46,CN,1586629210,89,18.8,110.4,23.93,1.66
290,Barra Patuca,41,HN,1586629211,66,15.8,-84.28,29.4,7.36
291,Bilibino,97,RU,1586629212,89,68.05,166.44,-15.46,0.6
292,Mwingi,49,KE,1586629212,67,-0.93,38.06,20.86,2.3
293,Biak,3,ID,1586629046,73,-0.91,122.88,26.8,3.68
294,Barra de Tecoanapa,42,MX,1586629214,45,16.52,-98.75,31.54,5.1
295,Guadalajara,40,MX,1586629214,13,20.67,-103.33,30.0,3.6
296,São Félix do Xingu,86,BR,1586629215,75,-6.64,-51.99,28.24,2.13
297,Abnūb,0,EG,1586629216,36,27.27,31.15,24.0,4.1
298,Sarkand,49,KZ,1586629217,36,45.41,79.92,8.87,1.72
299,Tūkrah,36,LY,1586629217,70,32.53,20.58,14.96,3.16
300,Rawson,3,AR,1586629218,29,-43.3,-65.1,17.67,7.42
301,Rodeo,90,US,1586629209,71,38.03,-122.27,14.44,3.6
302,Aquiraz,20,BR,1586629219,70,-3.9,-38.39,30.0,4.1
303,Belyy Yar,0,RU,1586629220,85,53.6,91.39,-5.0,3.0
304,Broome,1,US,1586629221,38,42.25,-75.83,8.33,7.7
305,Huejuquilla el Alto,43,MX,1586629221,13,22.6,-103.87,26.07,7.65
306,Chifeng,0,CN,1586629222,41,42.27,118.96,6.26,3.31
307,Kefamenanu,47,ID,1586629223,82,-9.45,124.48,21.22,0.59
308,Menongue,74,AO,1586629223,61,-14.66,17.69,18.74,1.49
309,Vestmannaeyjar,90,IS,1586629027,93,63.44,-20.27,7.0,4.1
310,San Quintín,32,MX,1586629225,64,30.48,-115.95,16.6,6.13
311,Petropavlovsk-Kamchatskiy,20,RU,1586629225,79,53.05,158.65,-4.0,3.0
312,Taksimo,94,RU,1586629226,62,56.34,114.88,1.65,0.49
313,Anito,18,PH,1586629227,79,12.45,125.29,25.14,1.24
314,Mahon,2,ES,1586629228,63,39.89,4.27,17.0,3.1
315,Ngunguru,7,NZ,1586629228,98,-35.62,174.5,12.22,1.79
316,Port Lincoln,59,AU,1586629229,66,-34.73,135.87,13.27,4.18
317,Ulladulla,2,AU,1586629230,50,-35.35,150.47,12.0,7.7
318,Apastovo,100,RU,1586629230,86,55.2,48.51,3.0,4.0
319,Praia,2,CV,1586629231,48,14.92,-23.51,29.0,6.2
320,Hay River,40,CA,1586629232,71,60.82,-115.8,-13.0,3.6
321,Charagua,0,BO,1586629232,23,-19.8,-63.22,28.05,3.29
322,Mandalgovi,0,MN,1586629233,31,45.76,106.27,3.67,4.65
323,Mount Gambier,90,AU,1586629234,71,-37.83,140.77,11.0,2.1
324,Tsiroanomandidy,29,MG,1586629234,56,-18.77,46.03,20.77,1.69
325,Hemnesberget,100,NO,1586629235,91,66.23,13.63,-1.47,2.37
326,Lālmohan,0,BD,1586629236,71,22.34,90.74,28.02,4.84
327,Portree,97,GB,1586629237,86,57.41,-6.19,8.89,3.13
328,Toora-Khem,39,RU,1586629237,61,52.47,96.11,0.39,1.14
329,Palmer,75,US,1586629238,27,42.16,-72.33,11.0,11.8
330,Merrill,1,US,1586629035,30,45.18,-89.68,12.78,4.1
331,Matara,6,LK,1586629239,87,5.95,80.54,25.75,2.56
332,Stokmarknes,98,NO,1586629240,88,68.56,14.91,0.0,0.45
333,Nampula,51,MZ,1586629241,86,-15.12,39.27,20.21,2.29
334,Rincon,40,US,1586629241,28,32.3,-81.24,23.33,3.1
335,Clacton-on-Sea,53,GB,1586629035,45,51.79,1.16,19.0,3.6
336,Jalu,49,LY,1586629243,26,29.03,21.55,19.51,3.94
337,Lüderitz,0,NA,1586629243,49,-26.65,15.16,23.0,4.1
338,Soe,16,ID,1586629035,82,-9.86,124.28,18.34,0.72
339,Velyka Oleksandrivka,33,UA,1586629245,52,47.32,33.3,8.47,3.29
340,Nova Friburgo,87,BR,1586629246,95,-22.28,-42.53,17.22,1.02
341,Saint-Pierre,43,RE,1586629246,78,-21.34,55.48,25.0,2.6
342,Mezen',94,RU,1586629247,96,65.85,44.24,-6.47,1.81
343,Aklavik,20,CA,1586629248,78,68.22,-135.01,-12.0,3.6
344,Leland,1,US,1586629248,26,34.26,-78.04,18.89,0.72
345,Usinsk,6,RU,1586629249,94,65.99,57.53,-9.6,1.51
346,Yamada,12,JP,1586629250,75,39.47,141.95,3.5,2.63
347,Jega,82,NG,1586629251,15,12.22,4.38,36.16,2.3
348,Terney,0,RU,1586629251,91,45.05,136.61,-2.94,2.79
349,Sørland,100,NO,1586629252,79,67.67,12.69,1.79,3.68
350,Ajdabiya,100,LY,1586629044,52,30.76,20.23,17.31,6.64
351,Saint Andrews,20,US,1586629253,22,34.05,-81.13,21.67,3.6
352,Korla,17,CN,1586629254,44,41.76,86.15,12.78,2.68
353,Tripoli,49,LY,1586629255,61,32.88,13.19,17.5,8.88
354,Port Augusta,40,AU,1586629255,67,-32.5,137.77,14.0,4.6
355,Mehamn,92,NO,1586629256,89,71.04,27.85,-5.11,0.76
356,Urubichá,0,BO,1586629257,28,-15.38,-62.95,32.93,1.24
357,Kolondiéba,53,ML,1586629257,18,11.09,-6.89,37.02,1.35
358,Portland,75,US,1586629062,57,45.52,-122.68,12.78,0.67
359,Pemba,20,MZ,1586629259,78,-12.97,40.52,27.0,4.6
360,Fort Nelson,75,CA,1586629259,58,58.81,-122.7,-4.0,1.5
361,Skibbereen,20,IE,1586629260,67,51.55,-9.27,17.0,2.6
362,La Providencia,0,MX,1586629261,52,28.72,-111.58,22.22,1.79
363,Paita,98,PE,1586629261,100,-5.09,-81.11,17.0,3.6
364,Taitung City,90,TW,1586629262,69,22.76,121.14,23.04,2.15
365,Kaeo,27,NZ,1586629263,93,-35.1,173.78,12.78,4.14
366,Cabo San Lucas,40,MX,1586629204,49,22.89,-109.91,25.0,10.3
367,Cidreira,18,BR,1586629264,56,-30.18,-50.21,21.9,3.38
368,Chhor,93,PK,1586629265,20,25.52,69.77,33.71,5.4
369,Nanchang,75,CN,1586629058,83,28.68,115.88,10.28,2.53
370,Gorom-Gorom,79,BF,1586629266,17,14.44,-0.24,36.62,4.39
371,Rio Brilhante,0,BR,1586629267,35,-21.8,-54.55,28.98,0.58
372,Paamiut,94,GL,1586629268,71,61.99,-49.67,4.59,2.65
373,Mikuni,40,JP,1586629268,75,36.22,136.15,5.0,1.5
374,Tura,17,IN,1586629031,37,25.52,90.22,23.71,1.42
375,Codrington,64,AU,1586629270,73,-38.27,141.97,10.76,5.23
376,Chapais,90,CA,1586629271,58,49.78,-74.85,-1.0,5.7
377,Colares,20,PT,1586629195,72,38.8,-9.45,18.0,4.6
378,Selikhino,44,RU,1586629272,87,50.37,137.5,0.0,1.44
379,Canmore,1,CA,1586629273,67,51.08,-115.35,-6.11,6.2
380,Fortuna,90,US,1586629030,100,40.6,-124.16,15.56,3.6
381,Tanout,69,NE,1586629274,10,14.97,8.89,31.28,4.67
382,Kawalu,36,ID,1586629275,81,-7.38,108.21,22.81,0.51
383,Kincardine,48,GB,1586629275,47,56.07,-3.72,15.0,5.1
384,Oktyabr'skoye,98,RU,1586629276,87,43.06,44.74,9.0,3.0
385,Cherdakly,100,RU,1586629277,80,54.36,48.84,4.0,2.0
386,Tsumeb,84,NA,1586629277,48,-19.23,17.72,20.83,2.64
387,Jiujiang,75,CN,1586629278,85,29.73,115.98,9.14,2.57
388,Chiredzi,5,ZW,1586629279,49,-21.05,31.67,22.39,2.03
389,Sioux Lookout,90,CA,1586629280,76,50.1,-91.92,0.0,6.2
390,Chalmette,1,US,1586629280,49,29.94,-89.96,25.56,3.1
391,Port Keats,89,AU,1586629281,77,-14.25,129.55,26.16,5.56
392,Kapoeta,36,SS,1586629282,30,4.77,33.59,31.61,4.16
393,Kalmunai,15,LK,1586629033,77,7.42,81.82,27.77,2.73
394,Waipawa,4,NZ,1586629283,82,-41.41,175.52,15.0,9.3
395,Chicama,20,PE,1586629284,83,-7.84,-79.15,22.0,5.7
396,Khanbari,71,NP,1586629025,26,27.37,87.2,18.9,2.81
397,Pahrump,1,US,1586629060,47,36.21,-115.98,18.89,2.6
398,Andenes,100,NO,1586629286,81,69.31,16.12,0.0,6.7
399,Rosarito,75,MX,1586629286,77,32.33,-117.03,17.78,1.96
400,Kamenka,100,RU,1586629287,91,51.32,42.77,3.33,3.13
401,Nome,40,US,1586629288,92,64.5,-165.41,-6.0,4.1
402,Mataram,40,ID,1586629288,94,-8.58,116.12,24.0,1.54
403,Porbandar,16,IN,1586629289,67,21.64,69.61,26.99,4.58
404,Sobolevo,38,RU,1586629290,74,54.43,31.9,1.79,3.59
405,Port Macquarie,0,AU,1586629291,44,-31.43,152.92,15.0,4.6
406,La Ronge,75,CA,1586629291,61,55.1,-105.28,-9.0,7.7
407,Along,34,IN,1586629292,47,28.17,94.77,19.31,1.73
408,Plettenberg Bay,100,ZA,1586629293,59,-34.05,23.37,19.18,1.41
409,Angoche,37,MZ,1586629293,77,-16.23,39.91,24.44,3.7
410,Sinnamary,93,GF,1586629294,69,5.38,-52.95,28.01,5.41
411,Gouré,92,NE,1586629295,11,13.98,10.27,33.89,2.68
412,Homer,1,US,1586629295,59,59.64,-151.55,2.0,2.1
413,Sydney,6,AU,1586629098,54,-33.87,151.21,13.33,6.7
414,Muros,75,ES,1586629297,87,42.78,-9.06,16.11,3.1
415,Dingle,2,PH,1586629297,73,11.0,122.67,25.22,2.54
416,Gamba,100,GA,1586629298,86,-2.65,10.0,25.52,1.62
417,Maturin,99,VE,1586629141,29,9.75,-63.18,35.96,3.07
418,Boromo,90,BF,1586629299,20,11.75,-2.93,37.03,3.17
419,Strelka,1,RU,1586629300,95,58.07,93.03,-0.7,1.18
420,Abéché,89,TD,1586629301,11,13.83,20.83,33.02,6.63
421,Katobu,100,ID,1586629301,93,-4.94,122.53,23.9,0.73
422,Okhotsk,97,RU,1586629302,96,59.38,143.3,-4.03,0.76
423,Baní,40,DO,1586629033,59,18.28,-70.33,33.0,5.1
424,Raton,1,US,1586629303,13,36.9,-104.44,20.0,3.6
425,Grootfontein,76,NA,1586629304,48,-19.57,18.12,19.93,2.68
426,Saint-François,10,FR,1586629305,31,46.42,3.91,23.0,1.5
427,Elliot,96,ZA,1586629305,38,-31.33,27.85,17.12,4.58
428,Phan Thiet,44,VN,1586629008,81,10.93,108.1,26.32,2.48
429,Rāvar,93,IR,1586629024,27,31.27,56.81,22.04,6.0
430,Padang,100,ID,1586629193,73,-0.95,100.35,26.56,1.89
431,Vila Franca do Campo,20,PT,1586629308,63,37.72,-25.43,17.0,8.2
432,Fiumicino,0,IT,1586629309,82,41.77,12.23,19.44,2.6
433,Maniitsoq,99,GL,1586629310,72,65.42,-52.9,3.66,3.37
434,Mayo,1,US,1586629049,32,38.89,-76.51,15.56,4.6
435,Marabba,68,SD,1586629311,10,12.35,32.18,33.36,6.87
436,Springbok,10,ZA,1586629312,52,-29.66,17.89,14.14,2.46
437,Zhezkazgan,53,KZ,1586629312,47,47.8,67.71,7.89,4.75
438,Batagay-Alyta,100,RU,1586629313,86,67.8,130.41,-7.63,2.72
439,Bathsheba,20,BB,1586629314,55,13.22,-59.52,31.0,6.7
440,Arrondissement de Lannion,0,FR,1586629314,42,48.75,-3.42,19.0,1.5
441,St. George's,20,GD,1586629293,62,12.06,-61.75,30.0,7.7
442,Bozoum,97,CF,1586629316,66,6.32,16.38,21.31,0.81
443,Ola,100,RU,1586629316,91,59.58,151.28,-9.43,3.9
444,Abu Kamal,66,SY,1586629317,38,34.45,40.92,20.23,0.47
445,Alice Springs,44,AU,1586629318,33,-23.7,133.88,15.0,2.1
446,Borovichi,66,RU,1586629318,87,58.39,33.92,0.76,1.41
447,Paracatu,82,BR,1586629319,59,-17.22,-46.87,26.8,1.29
448,Kruisfontein,100,ZA,1586629073,55,-34.0,24.73,18.03,1.26
449,Bojnourd,75,IR,1586629320,93,37.47,57.33,10.0,1.0
450,Cape Coast,100,GH,1586629321,81,5.11,-1.25,27.97,3.84
451,Asău,80,RO,1586629322,30,46.43,26.4,13.0,1.5
452,Oistins,20,BB,1586629306,55,13.07,-59.53,31.0,6.7
453,Turukhansk,100,RU,1586629266,89,65.82,87.98,1.32,7.61
454,Dubuque,75,US,1586629081,35,42.48,-90.87,16.0,7.2
455,Cassilândia,5,BR,1586629325,50,-19.11,-51.73,28.07,1.27
456,Moyale,37,KE,1586629325,50,3.52,39.06,23.33,2.7
457,Solnechnyy,58,RU,1586629326,80,50.72,136.63,-0.14,1.68
458,Lakes Entrance,80,AU,1586629327,65,-37.88,147.98,11.67,0.45
459,Marawi,0,PH,1586629327,70,8.0,124.29,19.19,1.03
460,Miranda,75,CO,1586629328,78,3.25,-76.23,24.0,3.6
461,Wellington,63,NZ,1586629127,82,-41.29,174.78,15.0,9.3
462,Suntar,70,RU,1586629329,95,62.14,117.63,-0.87,3.31
463,Saint-Ambroise,90,CA,1586629330,64,48.55,-71.33,3.89,8.7
464,Pemangkat,60,ID,1586629331,87,1.17,108.97,25.32,2.82
465,Petaluma,90,US,1586629331,100,38.23,-122.64,15.0,1.23
466,Hwange,24,ZW,1586629332,56,-18.37,26.5,21.69,1.02
467,Napoleon,75,US,1586629333,54,41.39,-84.13,13.33,5.7
468,Nipawin,90,CA,1586629056,67,53.37,-104.0,-5.0,5.7
469,Nuuk,75,GL,1586629334,69,64.18,-51.72,3.0,4.1
470,Taywarah,100,AF,1586629335,37,33.35,64.42,7.32,1.02
471,Ballina,1,AU,1586629335,93,-28.87,153.57,20.0,2.1
472,Port Hedland,0,AU,1586629336,83,-20.32,118.57,23.0,2.6
473,Fare,99,PF,1586629122,76,-16.7,-151.02,28.43,4.93
474,Omsukchan,100,RU,1586629337,85,62.53,155.8,-15.98,1.5
475,Nsoko,0,SZ,1586629338,81,-27.03,31.95,20.11,1.76
476,Lashio,86,MM,1586629312,39,22.93,97.75,19.16,0.44
477,Arinos,70,BR,1586629339,57,-15.92,-46.11,29.5,0.54
478,Lufilufi,90,WS,1586629340,94,-13.87,-171.6,25.0,2.1
479,Praia da Vitória,20,PT,1586629341,72,38.73,-27.07,18.0,5.26
480,Vaitape,100,PF,1586629277,73,-16.52,-151.75,28.77,4.18
481,Hermon,90,US,1586629342,44,44.81,-68.91,6.11,3.6
482,Miraflores,5,MX,1586629343,17,19.22,-98.81,31.0,3.6
483,Vao,13,NC,1586629065,76,-22.67,167.48,24.31,6.18
484,Rafai,94,CF,1586629344,81,4.95,23.92,21.3,1.58
485,Auki,98,SB,1586629345,76,-8.77,160.7,27.63,2.58
486,Zaysan,94,KZ,1586629345,48,47.47,84.87,5.57,0.04
487,Waitati,84,NZ,1586629346,98,-45.75,170.57,11.67,1.65
488,Khorixas,56,NA,1586629347,33,-20.37,14.97,27.97,7.58
489,Tutóia,75,BR,1586629348,74,-2.76,-42.27,30.0,6.2
490,Moses Lake,90,US,1586629216,17,47.13,-119.28,14.0,13.9
491,Rosignol,100,GY,1586629349,66,6.28,-57.53,27.89,3.91
492,San Cristobal,40,VE,1586629349,43,7.77,-72.22,33.0,9.3
493,Margate,23,GB,1586629241,71,51.38,1.39,19.44,2.6
494,Doha,100,QA,1586629154,45,25.29,51.53,32.0,2.6
495,Ontario,40,US,1586629351,76,34.06,-117.65,19.0,2.6
496,Ryōtsu-minato,91,JP,1586629352,93,38.08,138.43,2.0,0.5
497,Krutinka,61,RU,1586629353,72,56.01,71.51,4.57,2.43
498,Valparaíso,90,CL,1586629151,82,-33.04,-71.63,16.0,2.1
499,Altay,64,CN,1586629354,39,47.87,88.12,6.51,2.28
500,Honnāli,55,IN,1586629355,53,14.25,75.67,26.4,2.84
501,Csanádpalota,9,HU,1586629356,33,46.25,20.73,15.0,3.1
502,Ahipara,43,NZ,1586629356,80,-35.17,173.17,16.78,5.0
503,Vanavara,21,RU,1586629357,94,60.34,102.28,-2.85,1.7
504,Karratha,0,AU,1586629358,57,-20.74,116.85,27.7,4.35
505,Jand,100,PK,1586629358,36,33.43,72.02,25.08,0.93
506,Cedar City,1,US,1586629192,19,37.68,-113.06,15.0,2.78
507,Saint George,1,US,1586629360,47,37.1,-113.58,16.67,2.18
508,Markova,35,UA,1586629360,34,48.68,24.41,10.0,2.0
509,Córdoba,16,AR,1586629361,44,-31.41,-64.18,26.11,7.7
510,Santa Rosa,75,PH,1586629244,74,14.31,121.11,28.0,1.5
511,Meulaboh,40,ID,1586629362,79,4.14,96.13,27.12,0.94
512,General Pico,84,AR,1586629363,35,-35.66,-63.76,24.47,6.28
513,Livingston,45,GB,1586629364,47,55.9,-3.52,15.0,5.1
514,Unaí,74,BR,1586629364,55,-16.36,-46.91,28.63,0.49
515,Umluj,12,SA,1586629365,52,25.02,37.27,21.26,5.2
516,Batesville,1,US,1586629226,36,35.77,-91.64,19.44,5.1
517,Buñol,87,ES,1586629366,48,39.42,-0.78,19.0,4.1
518,Halifax,75,CA,1586629367,56,44.65,-63.57,8.89,8.7
519,Matamoros,20,MX,1586629368,16,25.53,-103.25,30.0,7.2
520,Vagay,70,RU,1586629368,89,57.94,69.02,4.21,2.05
521,Santa Cruz de la Sierra,21,BO,1586629239,33,-17.8,-63.17,31.0,2.37
522,Departamento de Maldonado,40,UY,1586629370,73,-34.67,-54.92,21.0,5.1
523,Leer,64,SS,1586629370,36,8.3,30.14,31.09,1.74
524,Isangel,37,VU,1586629371,61,-19.55,169.27,25.16,3.85
525,Vila Velha,75,BR,1586629350,83,-20.33,-40.29,25.56,4.6
526,Redding,1,US,1586629372,68,40.59,-122.39,21.67,2.6
527,Nelspruit,30,ZA,1586629203,68,-25.47,30.97,21.11,3.1
528,Grand Gaube,40,MU,1586629374,83,-20.01,57.66,25.56,4.6
529,Winton,90,US,1586629374,67,37.39,-120.61,18.33,2.1
530,College,75,US,1586629375,85,64.86,-147.8,0.56,2.1
531,Bubaque,0,GW,1586629376,75,11.28,-15.83,26.2,5.97
532,The Valley,20,AI,1586629376,62,18.22,-63.06,31.0,3.6
533,Zaria,100,NG,1586629330,12,11.11,7.72,30.66,3.85
534,Bintulu,75,MY,1586629378,94,3.17,113.03,26.0,0.75
535,Coquimbo,100,CL,1586629379,63,-29.95,-71.34,18.0,4.1
536,Pantai Remis,20,MY,1586629379,88,4.46,100.63,27.78,1.0
537,Ingham,1,US,1586629262,27,42.6,-84.38,13.33,3.6
538,Nemuro,36,JP,1586629381,91,43.32,145.57,-0.84,4.42
539,Tigil',0,RU,1586629381,88,57.8,158.67,-12.85,1.38
540,Verkhnyaya Maksakovka,75,RU,1586629382,86,61.63,50.97,-3.0,3.0
541,Thinadhoo,13,MV,1586629383,61,0.53,72.93,29.34,2.44
542,Daloa,79,CI,1586629384,59,6.88,-6.45,29.69,1.1
543,Port Blair,67,IN,1586629330,71,11.67,92.75,28.2,2.99
